{
  "stats": [
    {
      "level": "1",
      "hp": "200",
      "mp": "200",
      "damage": "20",
      "defense": "5",
      "exp": "0"
    },
    {
      "level": "2",
      "hp": "220",
      "mp": "220",
      "damage": "22",
      "defense": "6",
      "exp": "300"
    },
    {
      "level": "3",
      "hp": "240",
      "mp": "240",
      "damage": "24",
      "defense": "7",
      "exp": "600"
    },
    {
      "level": "4",
      "hp": "260",
      "mp": "260",
      "damage": "26",
      "defense": "8",
      "exp": "900"
    },
    {
      "level": "5",
      "hp": "280",
      "mp": "280",
      "damage": "28",
      "defense": "9",
      "exp": "1200"
    },
    {
      "level": "6",
      "hp": "300",
      "mp": "300",
      "damage": "30",
      "defense": "10",
      "exp": "1500"
    },
    {
      "level": "7",
      "hp": "320",
      "mp": "320",
      "damage": "32",
      "defense": "11",
      "exp": "1800"
    },
    {
      "level": "8",
      "hp": "340",
      "mp": "340",
      "damage": "34",
      "defense": "12",
      "exp": "2100"
    },
    {
      "level": "9",
      "hp": "360",
      "mp": "360",
      "damage": "36",
      "defense": "13",
      "exp": "2400"
    },
    {
      "level": "10",
      "hp": "380",
      "mp": "380",
      "damage": "38",
      "defense": "14",
      "exp": "2700"
    },
    {
      "level": "11",
      "hp": "400",
      "mp": "400",
      "damage": "40",
      "defense": "15",
      "exp": "3000"
    },
    {
      "level": "12",
      "hp": "420",
      "mp": "420",
      "damage": "42",
      "defense": "16",
      "exp": "3300"
    },
    {
      "level": "13",
      "hp": "440",
      "mp": "440",
      "damage": "44",
      "defense": "17",
      "exp": "3600"
    },
    {
      "level": "14",
      "hp": "460",
      "mp": "460",
      "damage": "46",
      "defense": "18",
      "exp": "3900"
    },
    {
      "level": "15",
      "hp": "480",
      "mp": "480",
      "damage": "48",
      "defense": "19",
      "exp": "4200"
    },
    {
      "level": "16",
      "hp": "500",
      "mp": "500",
      "damage": "50",
      "defense": "20",
      "exp": "4500"
    },
    {
      "level": "17",
      "hp": "520",
      "mp": "520",
      "damage": "52",
      "defense": "21",
      "exp": "4800"
    },
    {
      "level": "18",
      "hp": "540",
      "mp": "540",
      "damage": "54",
      "defense": "22",
      "exp": "5100"
    },
    {
      "level": "19",
      "hp": "560",
      "mp": "560",
      "damage": "56",
      "defense": "23",
      "exp": "5400"
    },
    {
      "level": "20",
      "hp": "580",
      "mp": "580",
      "damage": "58",
      "defense": "24",
      "exp": "5700"
    },
    {
      "level": "21",
      "hp": "600",
      "mp": "600",
      "damage": "60",
      "defense": "25",
      "exp": "6000"
    },
    {
      "level": "22",
      "hp": "620",
      "mp": "620",
      "damage": "62",
      "defense": "26",
      "exp": "6300"
    },
    {
      "level": "23",
      "hp": "640",
      "mp": "640",
      "damage": "64",
      "defense": "27",
      "exp": "6600"
    },
    {
      "level": "24",
      "hp": "660",
      "mp": "660",
      "damage": "66",
      "defense": "28",
      "exp": "6900"
    },
    {
      "level": "25",
      "hp": "680",
      "mp": "680",
      "damage": "68",
      "defense": "29",
      "exp": "7200"
    },
    {
      "level": "26",
      "hp": "700",
      "mp": "700",
      "damage": "70",
      "defense": "30",
      "exp": "7500"
    },
    {
      "level": "27",
      "hp": "720",
      "mp": "720",
      "damage": "72",
      "defense": "31",
      "exp": "7800"
    },
    {
      "level": "28",
      "hp": "740",
      "mp": "740",
      "damage": "74",
      "defense": "32",
      "exp": "8100"
    },
    {
      "level": "29",
      "hp": "760",
      "mp": "760",
      "damage": "76",
      "defense": "33",
      "exp": "8400"
    },
    {
      "level": "30",
      "hp": "780",
      "mp": "780",
      "damage": "78",
      "defense": "34",
      "exp": "8700"
    },
    {
      "level": "31",
      "hp": "800",
      "mp": "800",
      "damage": "80",
      "defense": "35",
      "exp": "9000"
    },
    {
      "level": "32",
      "hp": "820",
      "mp": "820",
      "damage": "82",
      "defense": "36",
      "exp": "9300"
    },
    {
      "level": "33",
      "hp": "840",
      "mp": "840",
      "damage": "84",
      "defense": "37",
      "exp": "9600"
    },
    {
      "level": "34",
      "hp": "860",
      "mp": "860",
      "damage": "86",
      "defense": "38",
      "exp": "9900"
    },
    {
      "level": "35",
      "hp": "880",
      "mp": "880",
      "damage": "88",
      "defense": "39",
      "exp": "10200"
    },
    {
      "level": "36",
      "hp": "900",
      "mp": "900",
      "damage": "90",
      "defense": "40",
      "exp": "10500"
    },
    {
      "level": "37",
      "hp": "920",
      "mp": "920",
      "damage": "92",
      "defense": "41",
      "exp": "10800"
    },
    {
      "level": "38",
      "hp": "940",
      "mp": "940",
      "damage": "94",
      "defense": "42",
      "exp": "11100"
    },
    {
      "level": "39",
      "hp": "960",
      "mp": "960",
      "damage": "96",
      "defense": "43",
      "exp": "11400"
    },
    {
      "level": "40",
      "hp": "980",
      "mp": "980",
      "damage": "98",
      "defense": "44",
      "exp": "11700"
    },
    {
      "level": "41",
      "hp": "1000",
      "mp": "1000",
      "damage": "100",
      "defense": "45",
      "exp": "12000"
    },
    {
      "level": "42",
      "hp": "1020",
      "mp": "1020",
      "damage": "102",
      "defense": "46",
      "exp": "12300"
    },
    {
      "level": "43",
      "hp": "1040",
      "mp": "1040",
      "damage": "104",
      "defense": "47",
      "exp": "12600"
    },
    {
      "level": "44",
      "hp": "1060",
      "mp": "1060",
      "damage": "106",
      "defense": "48",
      "exp": "12900"
    },
    {
      "level": "45",
      "hp": "1080",
      "mp": "1080",
      "damage": "108",
      "defense": "49",
      "exp": "13200"
    },
    {
      "level": "46",
      "hp": "1100",
      "mp": "1100",
      "damage": "110",
      "defense": "50",
      "exp": "13500"
    },
    {
      "level": "47",
      "hp": "1120",
      "mp": "1120",
      "damage": "112",
      "defense": "51",
      "exp": "13800"
    },
    {
      "level": "48",
      "hp": "1140",
      "mp": "1140",
      "damage": "114",
      "defense": "52",
      "exp": "14100"
    },
    {
      "level": "49",
      "hp": "1160",
      "mp": "1160",
      "damage": "116",
      "defense": "53",
      "exp": "14400"
    },
    {
      "level": "50",
      "hp": "1180",
      "mp": "1180",
      "damage": "118",
      "defense": "54",
      "exp": "14700"
    },
    {
      "level": "51",
      "hp": "1200",
      "mp": "1200",
      "damage": "120",
      "defense": "55",
      "exp": "15000"
    },
    {
      "level": "52",
      "hp": "1220",
      "mp": "1220",
      "damage": "122",
      "defense": "56",
      "exp": "15300"
    },
    {
      "level": "53",
      "hp": "1240",
      "mp": "1240",
      "damage": "124",
      "defense": "57",
      "exp": "15600"
    },
    {
      "level": "54",
      "hp": "1260",
      "mp": "1260",
      "damage": "126",
      "defense": "58",
      "exp": "15900"
    },
    {
      "level": "55",
      "hp": "1280",
      "mp": "1280",
      "damage": "128",
      "defense": "59",
      "exp": "16200"
    },
    {
      "level": "56",
      "hp": "1300",
      "mp": "1300",
      "damage": "130",
      "defense": "60",
      "exp": "16500"
    },
    {
      "level": "57",
      "hp": "1320",
      "mp": "1320",
      "damage": "132",
      "defense": "61",
      "exp": "16800"
    },
    {
      "level": "58",
      "hp": "1340",
      "mp": "1340",
      "damage": "134",
      "defense": "62",
      "exp": "17100"
    },
    {
      "level": "59",
      "hp": "1360",
      "mp": "1360",
      "damage": "136",
      "defense": "63",
      "exp": "17400"
    },
    {
      "level": "60",
      "hp": "1380",
      "mp": "1380",
      "damage": "138",
      "defense": "64",
      "exp": "17700"
    },
    {
      "level": "61",
      "hp": "1400",
      "mp": "1400",
      "damage": "140",
      "defense": "65",
      "exp": "18000"
    },
    {
      "level": "62",
      "hp": "1420",
      "mp": "1420",
      "damage": "142",
      "defense": "66",
      "exp": "18300"
    },
    {
      "level": "63",
      "hp": "1440",
      "mp": "1440",
      "damage": "144",
      "defense": "67",
      "exp": "18600"
    },
    {
      "level": "64",
      "hp": "1460",
      "mp": "1460",
      "damage": "146",
      "defense": "68",
      "exp": "18900"
    },
    {
      "level": "65",
      "hp": "1480",
      "mp": "1480",
      "damage": "148",
      "defense": "69",
      "exp": "19200"
    },
    {
      "level": "66",
      "hp": "1500",
      "mp": "1500",
      "damage": "150",
      "defense": "70",
      "exp": "19500"
    },
    {
      "level": "67",
      "hp": "1520",
      "mp": "1520",
      "damage": "152",
      "defense": "71",
      "exp": "19800"
    },
    {
      "level": "68",
      "hp": "1540",
      "mp": "1540",
      "damage": "154",
      "defense": "72",
      "exp": "20100"
    },
    {
      "level": "69",
      "hp": "1560",
      "mp": "1560",
      "damage": "156",
      "defense": "73",
      "exp": "20400"
    },
    {
      "level": "70",
      "hp": "1580",
      "mp": "1580",
      "damage": "158",
      "defense": "74",
      "exp": "20700"
    },
    {
      "level": "71",
      "hp": "1600",
      "mp": "1600",
      "damage": "160",
      "defense": "75",
      "exp": "21000"
    },
    {
      "level": "72",
      "hp": "1620",
      "mp": "1620",
      "damage": "162",
      "defense": "76",
      "exp": "21300"
    },
    {
      "level": "73",
      "hp": "1640",
      "mp": "1640",
      "damage": "164",
      "defense": "77",
      "exp": "21600"
    },
    {
      "level": "74",
      "hp": "1660",
      "mp": "1660",
      "damage": "166",
      "defense": "78",
      "exp": "21900"
    },
    {
      "level": "75",
      "hp": "1680",
      "mp": "1680",
      "damage": "168",
      "defense": "79",
      "exp": "22200"
    },
    {
      "level": "76",
      "hp": "1700",
      "mp": "1700",
      "damage": "170",
      "defense": "80",
      "exp": "22500"
    },
    {
      "level": "77",
      "hp": "1720",
      "mp": "1720",
      "damage": "172",
      "defense": "81",
      "exp": "22800"
    },
    {
      "level": "78",
      "hp": "1740",
      "mp": "1740",
      "damage": "174",
      "defense": "82",
      "exp": "23100"
    },
    {
      "level": "79",
      "hp": "1760",
      "mp": "1760",
      "damage": "176",
      "defense": "83",
      "exp": "23400"
    },
    {
      "level": "80",
      "hp": "1780",
      "mp": "1780",
      "damage": "178",
      "defense": "84",
      "exp": "23700"
    },
    {
      "level": "81",
      "hp": "1800",
      "mp": "1800",
      "damage": "180",
      "defense": "85",
      "exp": "24000"
    },
    {
      "level": "82",
      "hp": "1820",
      "mp": "1820",
      "damage": "182",
      "defense": "86",
      "exp": "24300"
    },
    {
      "level": "83",
      "hp": "1840",
      "mp": "1840",
      "damage": "184",
      "defense": "87",
      "exp": "24600"
    },
    {
      "level": "84",
      "hp": "1860",
      "mp": "1860",
      "damage": "186",
      "defense": "88",
      "exp": "24900"
    },
    {
      "level": "85",
      "hp": "1880",
      "mp": "1880",
      "damage": "188",
      "defense": "89",
      "exp": "25200"
    },
    {
      "level": "86",
      "hp": "1900",
      "mp": "1900",
      "damage": "190",
      "defense": "90",
      "exp": "25500"
    },
    {
      "level": "87",
      "hp": "1920",
      "mp": "1920",
      "damage": "192",
      "defense": "91",
      "exp": "25800"
    },
    {
      "level": "88",
      "hp": "1940",
      "mp": "1940",
      "damage": "194",
      "defense": "92",
      "exp": "26100"
    },
    {
      "level": "89",
      "hp": "1960",
      "mp": "1960",
      "damage": "196",
      "defense": "93",
      "exp": "26400"
    },
    {
      "level": "90",
      "hp": "1980",
      "mp": "1980",
      "damage": "198",
      "defense": "94",
      "exp": "26700"
    },
    {
      "level": "91",
      "hp": "2000",
      "mp": "2000",
      "damage": "200",
      "defense": "95",
      "exp": "27000"
    },
    {
      "level": "92",
      "hp": "2020",
      "mp": "2020",
      "damage": "202",
      "defense": "96",
      "exp": "27300"
    },
    {
      "level": "93",
      "hp": "2040",
      "mp": "2040",
      "damage": "204",
      "defense": "97",
      "exp": "27600"
    },
    {
      "level": "94",
      "hp": "2060",
      "mp": "2060",
      "damage": "206",
      "defense": "98",
      "exp": "27900"
    },
    {
      "level": "95",
      "hp": "2080",
      "mp": "2080",
      "damage": "208",
      "defense": "99",
      "exp": "28200"
    },
    {
      "level": "96",
      "hp": "2100",
      "mp": "2100",
      "damage": "210",
      "defense": "100",
      "exp": "28500"
    },
    {
      "level": "97",
      "hp": "2120",
      "mp": "2120",
      "damage": "212",
      "defense": "101",
      "exp": "28800"
    },
    {
      "level": "98",
      "hp": "2140",
      "mp": "2140",
      "damage": "214",
      "defense": "102",
      "exp": "29100"
    },
    {
      "level": "99",
      "hp": "2160",
      "mp": "2160",
      "damage": "216",
      "defense": "103",
      "exp": "29400"
    },
    {
      "level": "100",
      "hp": "2180",
      "mp": "2180",
      "damage": "218",
      "defense": "104",
      "exp": "29700"
    }
  ]
}