{
    "stats": [
        {
            "level": 1,
            "hp": 200.0,
            "mp": 200.0,
            "damage": 20.0,
            "defense": 5.0,
            "exp": 0.0
        },
        {
            "level": 2,
            "hp": 220.0,
            "mp": 220.0,
            "damage": 22.0,
            "defense": 6.0,
            "exp": 300.0
        },
        {
            "level": 3,
            "hp": 240.0,
            "mp": 240.0,
            "damage": 24.0,
            "defense": 7.0,
            "exp": 600.0
        },
        {
            "level": 4,
            "hp": 260.0,
            "mp": 260.0,
            "damage": 26.0,
            "defense": 8.0,
            "exp": 900.0
        },
        {
            "level": 5,
            "hp": 280.0,
            "mp": 280.0,
            "damage": 28.0,
            "defense": 9.0,
            "exp": 1200.0
        },
        {
            "level": 6,
            "hp": 300.0,
            "mp": 300.0,
            "damage": 30.0,
            "defense": 10.0,
            "exp": 1500.0
        },
        {
            "level": 7,
            "hp": 320.0,
            "mp": 320.0,
            "damage": 32.0,
            "defense": 11.0,
            "exp": 1800.0
        },
        {
            "level": 8,
            "hp": 340.0,
            "mp": 340.0,
            "damage": 34.0,
            "defense": 12.0,
            "exp": 2100.0
        },
        {
            "level": 9,
            "hp": 360.0,
            "mp": 360.0,
            "damage": 36.0,
            "defense": 13.0,
            "exp": 2400.0
        },
        {
            "level": 10,
            "hp": 380.0,
            "mp": 380.0,
            "damage": 38.0,
            "defense": 14.0,
            "exp": 2700.0
        },
        {
            "level": 11,
            "hp": 400.0,
            "mp": 400.0,
            "damage": 40.0,
            "defense": 15.0,
            "exp": 3000.0
        },
        {
            "level": 12,
            "hp": 420.0,
            "mp": 420.0,
            "damage": 42.0,
            "defense": 16.0,
            "exp": 3300.0
        },
        {
            "level": 13,
            "hp": 440.0,
            "mp": 440.0,
            "damage": 44.0,
            "defense": 17.0,
            "exp": 3600.0
        },
        {
            "level": 14,
            "hp": 460.0,
            "mp": 460.0,
            "damage": 46.0,
            "defense": 18.0,
            "exp": 3900.0
        },
        {
            "level": 15,
            "hp": 480.0,
            "mp": 480.0,
            "damage": 48.0,
            "defense": 19.0,
            "exp": 4200.0
        },
        {
            "level": 16,
            "hp": 500.0,
            "mp": 500.0,
            "damage": 50.0,
            "defense": 20.0,
            "exp": 4500.0
        },
        {
            "level": 17,
            "hp": 520.0,
            "mp": 520.0,
            "damage": 52.0,
            "defense": 21.0,
            "exp": 4800.0
        },
        {
            "level": 18,
            "hp": 540.0,
            "mp": 540.0,
            "damage": 54.0,
            "defense": 22.0,
            "exp": 5100.0
        },
        {
            "level": 19,
            "hp": 560.0,
            "mp": 560.0,
            "damage": 56.0,
            "defense": 23.0,
            "exp": 5400.0
        },
        {
            "level": 20,
            "hp": 580.0,
            "mp": 580.0,
            "damage": 58.0,
            "defense": 24.0,
            "exp": 5700.0
        },
        {
            "level": 21,
            "hp": 600.0,
            "mp": 600.0,
            "damage": 60.0,
            "defense": 25.0,
            "exp": 6000.0
        },
        {
            "level": 22,
            "hp": 620.0,
            "mp": 620.0,
            "damage": 62.0,
            "defense": 26.0,
            "exp": 6300.0
        },
        {
            "level": 23,
            "hp": 640.0,
            "mp": 640.0,
            "damage": 64.0,
            "defense": 27.0,
            "exp": 6600.0
        },
        {
            "level": 24,
            "hp": 660.0,
            "mp": 660.0,
            "damage": 66.0,
            "defense": 28.0,
            "exp": 6900.0
        },
        {
            "level": 25,
            "hp": 680.0,
            "mp": 680.0,
            "damage": 68.0,
            "defense": 29.0,
            "exp": 7200.0
        },
        {
            "level": 26,
            "hp": 700.0,
            "mp": 700.0,
            "damage": 70.0,
            "defense": 30.0,
            "exp": 7500.0
        },
        {
            "level": 27,
            "hp": 720.0,
            "mp": 720.0,
            "damage": 72.0,
            "defense": 31.0,
            "exp": 7800.0
        },
        {
            "level": 28,
            "hp": 740.0,
            "mp": 740.0,
            "damage": 74.0,
            "defense": 32.0,
            "exp": 8100.0
        },
        {
            "level": 29,
            "hp": 760.0,
            "mp": 760.0,
            "damage": 76.0,
            "defense": 33.0,
            "exp": 8400.0
        },
        {
            "level": 30,
            "hp": 780.0,
            "mp": 780.0,
            "damage": 78.0,
            "defense": 34.0,
            "exp": 8700.0
        },
        {
            "level": 31,
            "hp": 800.0,
            "mp": 800.0,
            "damage": 80.0,
            "defense": 35.0,
            "exp": 9000.0
        },
        {
            "level": 32,
            "hp": 820.0,
            "mp": 820.0,
            "damage": 82.0,
            "defense": 36.0,
            "exp": 9300.0
        },
        {
            "level": 33,
            "hp": 840.0,
            "mp": 840.0,
            "damage": 84.0,
            "defense": 37.0,
            "exp": 9600.0
        },
        {
            "level": 34,
            "hp": 860.0,
            "mp": 860.0,
            "damage": 86.0,
            "defense": 38.0,
            "exp": 9900.0
        },
        {
            "level": 35,
            "hp": 880.0,
            "mp": 880.0,
            "damage": 88.0,
            "defense": 39.0,
            "exp": 10200.0
        },
        {
            "level": 36,
            "hp": 900.0,
            "mp": 900.0,
            "damage": 90.0,
            "defense": 40.0,
            "exp": 10500.0
        },
        {
            "level": 37,
            "hp": 920.0,
            "mp": 920.0,
            "damage": 92.0,
            "defense": 41.0,
            "exp": 10800.0
        },
        {
            "level": 38,
            "hp": 940.0,
            "mp": 940.0,
            "damage": 94.0,
            "defense": 42.0,
            "exp": 11100.0
        },
        {
            "level": 39,
            "hp": 960.0,
            "mp": 960.0,
            "damage": 96.0,
            "defense": 43.0,
            "exp": 11400.0
        },
        {
            "level": 40,
            "hp": 980.0,
            "mp": 980.0,
            "damage": 98.0,
            "defense": 44.0,
            "exp": 11700.0
        },
        {
            "level": 41,
            "hp": 1000.0,
            "mp": 1000.0,
            "damage": 100.0,
            "defense": 45.0,
            "exp": 12000.0
        },
        {
            "level": 42,
            "hp": 1020.0,
            "mp": 1020.0,
            "damage": 102.0,
            "defense": 46.0,
            "exp": 12300.0
        },
        {
            "level": 43,
            "hp": 1040.0,
            "mp": 1040.0,
            "damage": 104.0,
            "defense": 47.0,
            "exp": 12600.0
        },
        {
            "level": 44,
            "hp": 1060.0,
            "mp": 1060.0,
            "damage": 106.0,
            "defense": 48.0,
            "exp": 12900.0
        },
        {
            "level": 45,
            "hp": 1080.0,
            "mp": 1080.0,
            "damage": 108.0,
            "defense": 49.0,
            "exp": 13200.0
        },
        {
            "level": 46,
            "hp": 1100.0,
            "mp": 1100.0,
            "damage": 110.0,
            "defense": 50.0,
            "exp": 13500.0
        },
        {
            "level": 47,
            "hp": 1120.0,
            "mp": 1120.0,
            "damage": 112.0,
            "defense": 51.0,
            "exp": 13800.0
        },
        {
            "level": 48,
            "hp": 1140.0,
            "mp": 1140.0,
            "damage": 114.0,
            "defense": 52.0,
            "exp": 14100.0
        },
        {
            "level": 49,
            "hp": 1160.0,
            "mp": 1160.0,
            "damage": 116.0,
            "defense": 53.0,
            "exp": 14400.0
        },
        {
            "level": 50,
            "hp": 1180.0,
            "mp": 1180.0,
            "damage": 118.0,
            "defense": 54.0,
            "exp": 14700.0
        },
        {
            "level": 51,
            "hp": 1200.0,
            "mp": 1200.0,
            "damage": 120.0,
            "defense": 55.0,
            "exp": 15000.0
        },
        {
            "level": 52,
            "hp": 1220.0,
            "mp": 1220.0,
            "damage": 122.0,
            "defense": 56.0,
            "exp": 15300.0
        },
        {
            "level": 53,
            "hp": 1240.0,
            "mp": 1240.0,
            "damage": 124.0,
            "defense": 57.0,
            "exp": 15600.0
        },
        {
            "level": 54,
            "hp": 1260.0,
            "mp": 1260.0,
            "damage": 126.0,
            "defense": 58.0,
            "exp": 15900.0
        },
        {
            "level": 55,
            "hp": 1280.0,
            "mp": 1280.0,
            "damage": 128.0,
            "defense": 59.0,
            "exp": 16200.0
        },
        {
            "level": 56,
            "hp": 1300.0,
            "mp": 1300.0,
            "damage": 130.0,
            "defense": 60.0,
            "exp": 16500.0
        },
        {
            "level": 57,
            "hp": 1320.0,
            "mp": 1320.0,
            "damage": 132.0,
            "defense": 61.0,
            "exp": 16800.0
        },
        {
            "level": 58,
            "hp": 1340.0,
            "mp": 1340.0,
            "damage": 134.0,
            "defense": 62.0,
            "exp": 17100.0
        },
        {
            "level": 59,
            "hp": 1360.0,
            "mp": 1360.0,
            "damage": 136.0,
            "defense": 63.0,
            "exp": 17400.0
        },
        {
            "level": 60,
            "hp": 1380.0,
            "mp": 1380.0,
            "damage": 138.0,
            "defense": 64.0,
            "exp": 17700.0
        },
        {
            "level": 61,
            "hp": 1400.0,
            "mp": 1400.0,
            "damage": 140.0,
            "defense": 65.0,
            "exp": 18000.0
        },
        {
            "level": 62,
            "hp": 1420.0,
            "mp": 1420.0,
            "damage": 142.0,
            "defense": 66.0,
            "exp": 18300.0
        },
        {
            "level": 63,
            "hp": 1440.0,
            "mp": 1440.0,
            "damage": 144.0,
            "defense": 67.0,
            "exp": 18600.0
        },
        {
            "level": 64,
            "hp": 1460.0,
            "mp": 1460.0,
            "damage": 146.0,
            "defense": 68.0,
            "exp": 18900.0
        },
        {
            "level": 65,
            "hp": 1480.0,
            "mp": 1480.0,
            "damage": 148.0,
            "defense": 69.0,
            "exp": 19200.0
        },
        {
            "level": 66,
            "hp": 1500.0,
            "mp": 1500.0,
            "damage": 150.0,
            "defense": 70.0,
            "exp": 19500.0
        },
        {
            "level": 67,
            "hp": 1520.0,
            "mp": 1520.0,
            "damage": 152.0,
            "defense": 71.0,
            "exp": 19800.0
        },
        {
            "level": 68,
            "hp": 1540.0,
            "mp": 1540.0,
            "damage": 154.0,
            "defense": 72.0,
            "exp": 20100.0
        },
        {
            "level": 69,
            "hp": 1560.0,
            "mp": 1560.0,
            "damage": 156.0,
            "defense": 73.0,
            "exp": 20400.0
        },
        {
            "level": 70,
            "hp": 1580.0,
            "mp": 1580.0,
            "damage": 158.0,
            "defense": 74.0,
            "exp": 20700.0
        },
        {
            "level": 71,
            "hp": 1600.0,
            "mp": 1600.0,
            "damage": 160.0,
            "defense": 75.0,
            "exp": 21000.0
        },
        {
            "level": 72,
            "hp": 1620.0,
            "mp": 1620.0,
            "damage": 162.0,
            "defense": 76.0,
            "exp": 21300.0
        },
        {
            "level": 73,
            "hp": 1640.0,
            "mp": 1640.0,
            "damage": 164.0,
            "defense": 77.0,
            "exp": 21600.0
        },
        {
            "level": 74,
            "hp": 1660.0,
            "mp": 1660.0,
            "damage": 166.0,
            "defense": 78.0,
            "exp": 21900.0
        },
        {
            "level": 75,
            "hp": 1680.0,
            "mp": 1680.0,
            "damage": 168.0,
            "defense": 79.0,
            "exp": 22200.0
        },
        {
            "level": 76,
            "hp": 1700.0,
            "mp": 1700.0,
            "damage": 170.0,
            "defense": 80.0,
            "exp": 22500.0
        },
        {
            "level": 77,
            "hp": 1720.0,
            "mp": 1720.0,
            "damage": 172.0,
            "defense": 81.0,
            "exp": 22800.0
        },
        {
            "level": 78,
            "hp": 1740.0,
            "mp": 1740.0,
            "damage": 174.0,
            "defense": 82.0,
            "exp": 23100.0
        },
        {
            "level": 79,
            "hp": 1760.0,
            "mp": 1760.0,
            "damage": 176.0,
            "defense": 83.0,
            "exp": 23400.0
        },
        {
            "level": 80,
            "hp": 1780.0,
            "mp": 1780.0,
            "damage": 178.0,
            "defense": 84.0,
            "exp": 23700.0
        },
        {
            "level": 81,
            "hp": 1800.0,
            "mp": 1800.0,
            "damage": 180.0,
            "defense": 85.0,
            "exp": 24000.0
        },
        {
            "level": 82,
            "hp": 1820.0,
            "mp": 1820.0,
            "damage": 182.0,
            "defense": 86.0,
            "exp": 24300.0
        },
        {
            "level": 83,
            "hp": 1840.0,
            "mp": 1840.0,
            "damage": 184.0,
            "defense": 87.0,
            "exp": 24600.0
        },
        {
            "level": 84,
            "hp": 1860.0,
            "mp": 1860.0,
            "damage": 186.0,
            "defense": 88.0,
            "exp": 24900.0
        },
        {
            "level": 85,
            "hp": 1880.0,
            "mp": 1880.0,
            "damage": 188.0,
            "defense": 89.0,
            "exp": 25200.0
        },
        {
            "level": 86,
            "hp": 1900.0,
            "mp": 1900.0,
            "damage": 190.0,
            "defense": 90.0,
            "exp": 25500.0
        },
        {
            "level": 87,
            "hp": 1920.0,
            "mp": 1920.0,
            "damage": 192.0,
            "defense": 91.0,
            "exp": 25800.0
        },
        {
            "level": 88,
            "hp": 1940.0,
            "mp": 1940.0,
            "damage": 194.0,
            "defense": 92.0,
            "exp": 26100.0
        },
        {
            "level": 89,
            "hp": 1960.0,
            "mp": 1960.0,
            "damage": 196.0,
            "defense": 93.0,
            "exp": 26400.0
        },
        {
            "level": 90,
            "hp": 1980.0,
            "mp": 1980.0,
            "damage": 198.0,
            "defense": 94.0,
            "exp": 26700.0
        },
        {
            "level": 91,
            "hp": 2000.0,
            "mp": 2000.0,
            "damage": 200.0,
            "defense": 95.0,
            "exp": 27000.0
        },
        {
            "level": 92,
            "hp": 2020.0,
            "mp": 2020.0,
            "damage": 202.0,
            "defense": 96.0,
            "exp": 27300.0
        },
        {
            "level": 93,
            "hp": 2040.0,
            "mp": 2040.0,
            "damage": 204.0,
            "defense": 97.0,
            "exp": 27600.0
        },
        {
            "level": 94,
            "hp": 2060.0,
            "mp": 2060.0,
            "damage": 206.0,
            "defense": 98.0,
            "exp": 27900.0
        },
        {
            "level": 95,
            "hp": 2080.0,
            "mp": 2080.0,
            "damage": 208.0,
            "defense": 99.0,
            "exp": 28200.0
        },
        {
            "level": 96,
            "hp": 2100.0,
            "mp": 2100.0,
            "damage": 210.0,
            "defense": 100.0,
            "exp": 28500.0
        },
        {
            "level": 97,
            "hp": 2120.0,
            "mp": 2120.0,
            "damage": 212.0,
            "defense": 101.0,
            "exp": 28800.0
        },
        {
            "level": 98,
            "hp": 2140.0,
            "mp": 2140.0,
            "damage": 214.0,
            "defense": 102.0,
            "exp": 29100.0
        },
        {
            "level": 99,
            "hp": 2160.0,
            "mp": 2160.0,
            "damage": 216.0,
            "defense": 103.0,
            "exp": 29400.0
        },
        {
            "level": 100,
            "hp": 2180.0,
            "mp": 2180.0,
            "damage": 218.0,
            "defense": 104.0,
            "exp": 29700.0
        }
    ]
}