{
    "InvenArrayNumber": [
        0,
        1,
        2,
        3,
        4,
        5,
        6,
        7,
        8,
        9,
        10,
        11,
        12,
        13,
        14,
        15,
        16,
        17,
        18,
        19,
        20
    ],
    "InvenItemName": [
        "LongSword",
        "SmallShield",
        "LongSword",
        "LongSword",
        "LongSword",
        "LongSword",
        "BigSword",
        "SmallShield",
        "LongSword",
        "BigSword",
        "SmallShield",
        "SmallShield",
        "LongSword",
        "SmallShield",
        "LongSword",
        "SmallHPPotion",
        "SmallHPPotion",
        "LongSword",
        "LongSword",
        "SmallHPPotion",
        "BigShield"
    ],
    "InvenItemCount": [
        500,
        500,
        500,
        1,
        500,
        500,
        500,
        500,
        1,
        1,
        1,
        500,
        500,
        500,
        500,
        999,
        999,
        500,
        500,
        501,
        500
    ],
    "EquipArrayNumber": [],
    "EquipItemName": [],
    "HotKeyItemName": "",
    "HotKeyItemCount": 0
}